<?xml version="1.0" encoding="UTF-8"?><?xml-stylesheet type='text/xsl' href='_UpgradeReport_Files/UpgradeReport.xslt'?><UpgradeLog>
<Properties><Property Name="Solution" Value="WindowsApplication1">
</Property><Property Name="Solution File" Value="C:\Users\Administrator\Desktop\WindowsApplication1\WindowsApplication1\WindowsApplication1.sln">
</Property><Property Name="User Options File" Value="C:\Users\Administrator\Desktop\WindowsApplication1\WindowsApplication1\WindowsApplication1.suo">
</Property><Property Name="Date" Value="Tuesday, July 23, 2019">
</Property><Property Name="Time" Value="13:01">
</Property></Properties><Event ErrorLevel="0" Project="" Source="WindowsApplication1.sln" Description="File successfully backed up as C:\Users\Administrator\Desktop\WindowsApplication1\WindowsApplication1\Backup\WindowsApplication1.sln">
</Event><Event ErrorLevel="0" Project="" Source="WindowsApplication1.suo" Description="File successfully backed up as C:\Users\Administrator\Desktop\WindowsApplication1\WindowsApplication1\Backup\WindowsApplication1.suo">
</Event><Event ErrorLevel="0" Project="WindowsApplication1" Source="WindowsApplication1\WindowsApplication1.vbproj" Description="Project file successfully backed up as C:\Users\Administrator\Desktop\WindowsApplication1\WindowsApplication1\Backup\WindowsApplication1\WindowsApplication1.vbproj">
</Event><Event ErrorLevel="0" Project="WindowsApplication1" Source="WindowsApplication1\WindowsApplication1.vbproj.user" Description="Project user file successfully backed up as C:\Users\Administrator\Desktop\WindowsApplication1\WindowsApplication1\Backup\WindowsApplication1\WindowsApplication1.vbproj.user">
</Event><Event ErrorLevel="0" Project="WindowsApplication1" Source="WindowsApplication1\Form1.vb" Description="File successfully backed up as C:\Users\Administrator\Desktop\WindowsApplication1\WindowsApplication1\Backup\WindowsApplication1\Form1.vb">
</Event><Event ErrorLevel="0" Project="WindowsApplication1" Source="WindowsApplication1\Form1.Designer.vb" Description="File successfully backed up as C:\Users\Administrator\Desktop\WindowsApplication1\WindowsApplication1\Backup\WindowsApplication1\Form1.Designer.vb">
</Event><Event ErrorLevel="0" Project="WindowsApplication1" Source="WindowsApplication1\frmBienTap.Designer.vb" Description="File successfully backed up as C:\Users\Administrator\Desktop\WindowsApplication1\WindowsApplication1\Backup\WindowsApplication1\frmBienTap.Designer.vb">
</Event><Event ErrorLevel="0" Project="WindowsApplication1" Source="WindowsApplication1\frmBienTap.vb" Description="File successfully backed up as C:\Users\Administrator\Desktop\WindowsApplication1\WindowsApplication1\Backup\WindowsApplication1\frmBienTap.vb">
</Event><Event ErrorLevel="0" Project="WindowsApplication1" Source="WindowsApplication1\frmQuanLi.Designer.vb" Description="File successfully backed up as C:\Users\Administrator\Desktop\WindowsApplication1\WindowsApplication1\Backup\WindowsApplication1\frmQuanLi.Designer.vb">
</Event><Event ErrorLevel="0" Project="WindowsApplication1" Source="WindowsApplication1\frmQuanLi.vb" Description="File successfully backed up as C:\Users\Administrator\Desktop\WindowsApplication1\WindowsApplication1\Backup\WindowsApplication1\frmQuanLi.vb">
</Event><Event ErrorLevel="0" Project="WindowsApplication1" Source="WindowsApplication1\frmTracNghiem.Designer.vb" Description="File successfully backed up as C:\Users\Administrator\Desktop\WindowsApplication1\WindowsApplication1\Backup\WindowsApplication1\frmTracNghiem.Designer.vb">
</Event><Event ErrorLevel="0" Project="WindowsApplication1" Source="WindowsApplication1\frmTracNghiem.vb" Description="File successfully backed up as C:\Users\Administrator\Desktop\WindowsApplication1\WindowsApplication1\Backup\WindowsApplication1\frmTracNghiem.vb">
</Event><Event ErrorLevel="0" Project="WindowsApplication1" Source="WindowsApplication1\My Project\AssemblyInfo.vb" Description="File successfully backed up as C:\Users\Administrator\Desktop\WindowsApplication1\WindowsApplication1\Backup\WindowsApplication1\My Project\AssemblyInfo.vb">
</Event><Event ErrorLevel="0" Project="WindowsApplication1" Source="WindowsApplication1\My Project\Application.Designer.vb" Description="File successfully backed up as C:\Users\Administrator\Desktop\WindowsApplication1\WindowsApplication1\Backup\WindowsApplication1\My Project\Application.Designer.vb">
</Event><Event ErrorLevel="0" Project="WindowsApplication1" Source="WindowsApplication1\My Project\Resources.Designer.vb" Description="File successfully backed up as C:\Users\Administrator\Desktop\WindowsApplication1\WindowsApplication1\Backup\WindowsApplication1\My Project\Resources.Designer.vb">
</Event><Event ErrorLevel="0" Project="WindowsApplication1" Source="WindowsApplication1\My Project\Settings.Designer.vb" Description="File successfully backed up as C:\Users\Administrator\Desktop\WindowsApplication1\WindowsApplication1\Backup\WindowsApplication1\My Project\Settings.Designer.vb">
</Event><Event ErrorLevel="0" Project="WindowsApplication1" Source="WindowsApplication1\My Project\Application.myapp" Description="File successfully backed up as C:\Users\Administrator\Desktop\WindowsApplication1\WindowsApplication1\Backup\WindowsApplication1\My Project\Application.myapp">
</Event><Event ErrorLevel="0" Project="WindowsApplication1" Source="WindowsApplication1\My Project\Settings.settings" Description="File successfully backed up as C:\Users\Administrator\Desktop\WindowsApplication1\WindowsApplication1\Backup\WindowsApplication1\My Project\Settings.settings">
</Event><Event ErrorLevel="0" Project="WindowsApplication1" Source="WindowsApplication1\Form1.resx" Description="File successfully backed up as C:\Users\Administrator\Desktop\WindowsApplication1\WindowsApplication1\Backup\WindowsApplication1\Form1.resx">
</Event><Event ErrorLevel="0" Project="WindowsApplication1" Source="WindowsApplication1\frmBienTap.resx" Description="File successfully backed up as C:\Users\Administrator\Desktop\WindowsApplication1\WindowsApplication1\Backup\WindowsApplication1\frmBienTap.resx">
</Event><Event ErrorLevel="0" Project="WindowsApplication1" Source="WindowsApplication1\frmQuanLi.resx" Description="File successfully backed up as C:\Users\Administrator\Desktop\WindowsApplication1\WindowsApplication1\Backup\WindowsApplication1\frmQuanLi.resx">
</Event><Event ErrorLevel="0" Project="WindowsApplication1" Source="WindowsApplication1\frmTracNghiem.resx" Description="File successfully backed up as C:\Users\Administrator\Desktop\WindowsApplication1\WindowsApplication1\Backup\WindowsApplication1\frmTracNghiem.resx">
</Event><Event ErrorLevel="0" Project="WindowsApplication1" Source="WindowsApplication1\My Project\Resources.resx" Description="File successfully backed up as C:\Users\Administrator\Desktop\WindowsApplication1\WindowsApplication1\Backup\WindowsApplication1\My Project\Resources.resx">
</Event><Event ErrorLevel="0" Project="WindowsApplication1" Source="WindowsApplication1\WindowsApplication1.vbproj" Description="Project converted successfully">
</Event><Event ErrorLevel="3" Project="WindowsApplication1" Source="WindowsApplication1\WindowsApplication1.vbproj" Description="Converted">
</Event><Event ErrorLevel="0" Project="" Source="WindowsApplication1.sln" Description="Solution converted successfully">
</Event><Event ErrorLevel="3" Project="" Source="WindowsApplication1.sln" Description="Converted">
</Event><Event ErrorLevel="0" Project="WindowsApplication1" Source="WindowsApplication1\WindowsApplication1.vbproj" Description="Scan complete: Upgrade not required for project files.">
</Event></UpgradeLog>